src;target;path
697;697;0
697;703;2
697;708;1
697;713;1
697;719;1
697;729;2
697;745;1
697;747;1
697;753;1
697;769;1
697;772;1
697;774;2
697;798;2
697;800;1
697;803;2
697;804;2
697;805;1
697;810;2
697;811;2
697;819;1
697;823;1
697;825;2
697;828;1
697;830;1
697;840;1
697;856;1
697;861;2
697;863;2
697;864;2
697;869;2
697;876;2
697;878;2
697;880;2
697;882;2
697;884;3
697;886;3
697;888;2
697;889;2
697;890;1
697;893;2
703;697;2
703;703;0
703;708;2
703;713;2
703;719;1
703;729;2
703;745;2
703;747;1
703;753;2
703;769;2
703;772;2
703;774;2
703;798;3
703;800;2
703;803;2
703;804;2
703;805;1
703;810;2
703;811;2
703;819;1
703;823;1
703;825;2
703;828;1
703;830;2
703;840;2
703;856;1
703;861;2
703;863;2
703;864;2
703;869;2
703;876;2
703;878;2
703;880;1
703;882;2
703;884;3
703;886;3
703;888;2
703;889;2
703;890;3
703;893;2
708;697;1
708;703;2
708;708;0
708;713;1
708;719;1
708;729;2
708;745;2
708;747;1
708;753;1
708;769;1
708;772;2
708;774;1
708;798;2
708;800;1
708;803;2
708;804;2
708;805;2
708;810;2
708;811;1
708;819;1
708;823;1
708;825;2
708;828;1
708;830;1
708;840;1
708;856;1
708;861;2
708;863;2
708;864;2
708;869;1
708;876;2
708;878;2
708;880;2
708;882;2
708;884;3
708;886;3
708;888;2
708;889;2
708;890;1
708;893;2
713;697;1
713;703;2
713;708;1
713;713;0
713;719;1
713;729;3
713;745;1
713;747;1
713;753;2
713;769;2
713;772;1
713;774;1
713;798;3
713;800;1
713;803;2
713;804;2
713;805;1
713;810;1
713;811;2
713;819;1
713;823;1
713;825;3
713;828;1
713;830;1
713;840;1
713;856;2
713;861;3
713;863;3
713;864;3
713;869;2
713;876;3
713;878;3
713;880;2
713;882;3
713;884;4
713;886;3
713;888;3
713;889;3
713;890;2
713;893;3
719;697;1
719;703;1
719;708;1
719;713;1
719;719;0
719;729;3
719;745;1
719;747;1
719;753;2
719;769;2
719;772;1
719;774;1
719;798;3
719;800;1
719;803;2
719;804;2
719;805;1
719;810;1
719;811;2
719;819;1
719;823;1
719;825;3
719;828;1
719;830;1
719;840;1
719;856;2
719;861;3
719;863;3
719;864;3
719;869;2
719;876;3
719;878;3
719;880;2
719;882;3
719;884;4
719;886;3
719;888;3
719;889;3
719;890;2
719;893;3
729;697;2
729;703;2
729;708;2
729;713;3
729;719;3
729;729;0
729;745;3
729;747;2
729;753;1
729;769;2
729;772;2
729;774;2
729;798;3
729;800;2
729;803;3
729;804;1
729;805;3
729;810;2
729;811;2
729;819;2
729;823;2
729;825;2
729;828;2
729;830;2
729;840;2
729;856;1
729;861;1
729;863;1
729;864;2
729;869;2
729;876;1
729;878;1
729;880;3
729;882;1
729;884;3
729;886;1
729;888;1
729;889;1
729;890;2
729;893;2
745;697;1
745;703;2
745;708;2
745;713;1
745;719;1
745;729;3
745;745;0
745;747;1
745;753;2
745;769;2
745;772;2
745;774;1
745;798;3
745;800;1
745;803;2
745;804;2
745;805;1
745;810;1
745;811;2
745;819;2
745;823;1
745;825;3
745;828;1
745;830;1
745;840;2
745;856;2
745;861;3
745;863;3
745;864;3
745;869;2
745;876;3
745;878;3
745;880;2
745;882;3
745;884;4
745;886;3
745;888;3
745;889;3
745;890;2
745;893;3
747;697;1
747;703;1
747;708;1
747;713;1
747;719;1
747;729;2
747;745;1
747;747;0
747;753;1
747;769;1
747;772;2
747;774;1
747;798;2
747;800;1
747;803;1
747;804;1
747;805;1
747;810;1
747;811;2
747;819;1
747;823;1
747;825;2
747;828;1
747;830;1
747;840;1
747;856;1
747;861;2
747;863;2
747;864;2
747;869;2
747;876;2
747;878;2
747;880;1
747;882;2
747;884;3
747;886;2
747;888;2
747;889;2
747;890;2
747;893;2
753;697;1
753;703;2
753;708;1
753;713;2
753;719;2
753;729;1
753;745;2
753;747;1
753;753;0
753;769;1
753;772;2
753;774;2
753;798;2
753;800;2
753;803;2
753;804;2
753;805;2
753;810;2
753;811;2
753;819;1
753;823;1
753;825;2
753;828;2
753;830;2
753;840;2
753;856;1
753;861;1
753;863;2
753;864;2
753;869;2
753;876;2
753;878;2
753;880;2
753;882;2
753;884;3
753;886;2
753;888;2
753;889;1
753;890;1
753;893;2
769;697;1
769;703;2
769;708;1
769;713;2
769;719;2
769;729;2
769;745;2
769;747;1
769;753;1
769;769;0
769;772;2
769;774;1
769;798;1
769;800;1
769;803;2
769;804;2
769;805;2
769;810;2
769;811;1
769;819;2
769;823;2
769;825;2
769;828;1
769;830;2
769;840;2
769;856;1
769;861;2
769;863;2
769;864;2
769;869;1
769;876;2
769;878;2
769;880;2
769;882;2
769;884;3
769;886;3
769;888;2
769;889;2
769;890;1
769;893;2
772;697;1
772;703;2
772;708;2
772;713;1
772;719;1
772;729;2
772;745;2
772;747;2
772;753;2
772;769;2
772;772;0
772;774;2
772;798;3
772;800;1
772;803;3
772;804;2
772;805;1
772;810;2
772;811;2
772;819;2
772;823;2
772;825;2
772;828;1
772;830;2
772;840;2
772;856;1
772;861;2
772;863;2
772;864;2
772;869;2
772;876;2
772;878;2
772;880;2
772;882;2
772;884;3
772;886;3
772;888;2
772;889;2
772;890;2
772;893;2
774;697;2
774;703;2
774;708;1
774;713;1
774;719;1
774;729;2
774;745;1
774;747;1
774;753;2
774;769;1
774;772;2
774;774;0
774;798;2
774;800;1
774;803;2
774;804;2
774;805;1
774;810;1
774;811;1
774;819;1
774;823;1
774;825;2
774;828;1
774;830;1
774;840;1
774;856;1
774;861;2
774;863;2
774;864;2
774;869;1
774;876;2
774;878;2
774;880;2
774;882;2
774;884;3
774;886;3
774;888;2
774;889;2
774;890;2
774;893;2
798;697;2
798;703;3
798;708;2
798;713;3
798;719;3
798;729;3
798;745;3
798;747;2
798;753;2
798;769;1
798;772;3
798;774;2
798;798;0
798;800;2
798;803;3
798;804;3
798;805;3
798;810;3
798;811;2
798;819;3
798;823;3
798;825;3
798;828;2
798;830;3
798;840;3
798;856;2
798;861;3
798;863;3
798;864;3
798;869;2
798;876;3
798;878;3
798;880;3
798;882;3
798;884;4
798;886;4
798;888;3
798;889;3
798;890;2
798;893;3
800;697;1
800;703;2
800;708;1
800;713;1
800;719;1
800;729;2
800;745;1
800;747;1
800;753;2
800;769;1
800;772;1
800;774;1
800;798;2
800;800;0
800;803;2
800;804;2
800;805;1
800;810;1
800;811;1
800;819;2
800;823;1
800;825;2
800;828;1
800;830;1
800;840;2
800;856;1
800;861;2
800;863;2
800;864;2
800;869;2
800;876;2
800;878;2
800;880;2
800;882;2
800;884;3
800;886;3
800;888;2
800;889;2
800;890;2
800;893;2
803;697;2
803;703;2
803;708;2
803;713;2
803;719;2
803;729;3
803;745;2
803;747;1
803;753;2
803;769;2
803;772;3
803;774;2
803;798;3
803;800;2
803;803;0
803;804;2
803;805;2
803;810;2
803;811;3
803;819;2
803;823;2
803;825;3
803;828;2
803;830;2
803;840;1
803;856;2
803;861;3
803;863;3
803;864;3
803;869;3
803;876;3
803;878;3
803;880;1
803;882;3
803;884;4
803;886;3
803;888;3
803;889;3
803;890;3
803;893;3
804;697;2
804;703;2
804;708;2
804;713;2
804;719;2
804;729;1
804;745;2
804;747;1
804;753;2
804;769;2
804;772;2
804;774;2
804;798;3
804;800;2
804;803;2
804;804;0
804;805;2
804;810;2
804;811;2
804;819;2
804;823;2
804;825;2
804;828;2
804;830;2
804;840;2
804;856;1
804;861;1
804;863;1
804;864;2
804;869;2
804;876;1
804;878;1
804;880;2
804;882;1
804;884;3
804;886;1
804;888;1
804;889;1
804;890;3
804;893;2
805;697;1
805;703;1
805;708;2
805;713;1
805;719;1
805;729;3
805;745;1
805;747;1
805;753;2
805;769;2
805;772;1
805;774;1
805;798;3
805;800;1
805;803;2
805;804;2
805;805;0
805;810;1
805;811;2
805;819;1
805;823;1
805;825;3
805;828;1
805;830;1
805;840;1
805;856;2
805;861;3
805;863;3
805;864;3
805;869;2
805;876;3
805;878;3
805;880;1
805;882;3
805;884;4
805;886;3
805;888;3
805;889;3
805;890;2
805;893;3
810;697;2
810;703;2
810;708;2
810;713;1
810;719;1
810;729;2
810;745;1
810;747;1
810;753;2
810;769;2
810;772;2
810;774;1
810;798;3
810;800;1
810;803;2
810;804;2
810;805;1
810;810;0
810;811;2
810;819;2
810;823;1
810;825;2
810;828;1
810;830;2
810;840;2
810;856;1
810;861;2
810;863;2
810;864;2
810;869;2
810;876;2
810;878;2
810;880;2
810;882;2
810;884;3
810;886;3
810;888;2
810;889;2
810;890;3
810;893;2
811;697;2
811;703;2
811;708;1
811;713;2
811;719;2
811;729;2
811;745;2
811;747;2
811;753;2
811;769;1
811;772;2
811;774;1
811;798;2
811;800;1
811;803;3
811;804;2
811;805;2
811;810;2
811;811;0
811;819;2
811;823;2
811;825;2
811;828;2
811;830;2
811;840;2
811;856;1
811;861;2
811;863;2
811;864;2
811;869;1
811;876;2
811;878;2
811;880;3
811;882;2
811;884;3
811;886;3
811;888;2
811;889;2
811;890;1
811;893;2
819;697;1
819;703;1
819;708;1
819;713;1
819;719;1
819;729;2
819;745;2
819;747;1
819;753;1
819;769;2
819;772;2
819;774;1
819;798;3
819;800;2
819;803;2
819;804;2
819;805;1
819;810;2
819;811;2
819;819;0
819;823;1
819;825;2
819;828;1
819;830;1
819;840;1
819;856;1
819;861;2
819;863;2
819;864;2
819;869;2
819;876;2
819;878;2
819;880;1
819;882;2
819;884;3
819;886;3
819;888;2
819;889;2
819;890;2
819;893;2
823;697;1
823;703;1
823;708;1
823;713;1
823;719;1
823;729;2
823;745;1
823;747;1
823;753;1
823;769;2
823;772;2
823;774;1
823;798;3
823;800;1
823;803;2
823;804;2
823;805;1
823;810;1
823;811;2
823;819;1
823;823;0
823;825;2
823;828;1
823;830;1
823;840;1
823;856;1
823;861;2
823;863;2
823;864;2
823;869;2
823;876;2
823;878;2
823;880;1
823;882;2
823;884;3
823;886;3
823;888;2
823;889;2
823;890;2
823;893;2
825;697;2
825;703;2
825;708;2
825;713;3
825;719;3
825;729;2
825;745;3
825;747;2
825;753;2
825;769;2
825;772;2
825;774;2
825;798;3
825;800;2
825;803;3
825;804;2
825;805;3
825;810;2
825;811;2
825;819;2
825;823;2
825;825;0
825;828;2
825;830;2
825;840;2
825;856;1
825;861;2
825;863;2
825;864;1
825;869;2
825;876;2
825;878;2
825;880;3
825;882;2
825;884;1
825;886;2
825;888;2
825;889;1
825;890;3
825;893;2
828;697;1
828;703;1
828;708;1
828;713;1
828;719;1
828;729;2
828;745;1
828;747;1
828;753;2
828;769;1
828;772;1
828;774;1
828;798;2
828;800;1
828;803;2
828;804;2
828;805;1
828;810;1
828;811;2
828;819;1
828;823;1
828;825;2
828;828;0
828;830;1
828;840;1
828;856;1
828;861;2
828;863;2
828;864;2
828;869;2
828;876;2
828;878;2
828;880;1
828;882;2
828;884;3
828;886;3
828;888;2
828;889;2
828;890;2
828;893;2
830;697;1
830;703;2
830;708;1
830;713;1
830;719;1
830;729;2
830;745;1
830;747;1
830;753;2
830;769;2
830;772;2
830;774;1
830;798;3
830;800;1
830;803;2
830;804;2
830;805;1
830;810;2
830;811;2
830;819;1
830;823;1
830;825;2
830;828;1
830;830;0
830;840;1
830;856;1
830;861;2
830;863;2
830;864;2
830;869;2
830;876;2
830;878;2
830;880;2
830;882;2
830;884;3
830;886;3
830;888;2
830;889;2
830;890;2
830;893;2
840;697;1
840;703;2
840;708;1
840;713;1
840;719;1
840;729;2
840;745;2
840;747;1
840;753;2
840;769;2
840;772;2
840;774;1
840;798;3
840;800;2
840;803;1
840;804;2
840;805;1
840;810;2
840;811;2
840;819;1
840;823;1
840;825;2
840;828;1
840;830;1
840;840;0
840;856;1
840;861;2
840;863;2
840;864;2
840;869;2
840;876;2
840;878;2
840;880;2
840;882;2
840;884;3
840;886;3
840;888;2
840;889;2
840;890;2
840;893;2
856;697;1
856;703;1
856;708;1
856;713;2
856;719;2
856;729;1
856;745;2
856;747;1
856;753;1
856;769;1
856;772;1
856;774;1
856;798;2
856;800;1
856;803;2
856;804;1
856;805;2
856;810;1
856;811;1
856;819;1
856;823;1
856;825;1
856;828;1
856;830;1
856;840;1
856;856;0
856;861;1
856;863;1
856;864;1
856;869;1
856;876;1
856;878;1
856;880;2
856;882;1
856;884;2
856;886;2
856;888;1
856;889;1
856;890;2
856;893;1
861;697;2
861;703;2
861;708;2
861;713;3
861;719;3
861;729;1
861;745;3
861;747;2
861;753;1
861;769;2
861;772;2
861;774;2
861;798;3
861;800;2
861;803;3
861;804;1
861;805;3
861;810;2
861;811;2
861;819;2
861;823;2
861;825;2
861;828;2
861;830;2
861;840;2
861;856;1
861;861;0
861;863;1
861;864;2
861;869;2
861;876;1
861;878;1
861;880;3
861;882;2
861;884;3
861;886;2
861;888;1
861;889;1
861;890;2
861;893;2
863;697;2
863;703;2
863;708;2
863;713;3
863;719;3
863;729;1
863;745;3
863;747;2
863;753;2
863;769;2
863;772;2
863;774;2
863;798;3
863;800;2
863;803;3
863;804;1
863;805;3
863;810;2
863;811;2
863;819;2
863;823;2
863;825;2
863;828;2
863;830;2
863;840;2
863;856;1
863;861;1
863;863;0
863;864;2
863;869;2
863;876;1
863;878;1
863;880;3
863;882;1
863;884;3
863;886;1
863;888;1
863;889;1
863;890;3
863;893;2
864;697;2
864;703;2
864;708;2
864;713;3
864;719;3
864;729;2
864;745;3
864;747;2
864;753;2
864;769;2
864;772;2
864;774;2
864;798;3
864;800;2
864;803;3
864;804;2
864;805;3
864;810;2
864;811;2
864;819;2
864;823;2
864;825;1
864;828;2
864;830;2
864;840;2
864;856;1
864;861;2
864;863;2
864;864;0
864;869;2
864;876;2
864;878;2
864;880;3
864;882;2
864;884;1
864;886;3
864;888;2
864;889;2
864;890;3
864;893;1
869;697;2
869;703;2
869;708;1
869;713;2
869;719;2
869;729;2
869;745;2
869;747;2
869;753;2
869;769;1
869;772;2
869;774;1
869;798;2
869;800;2
869;803;3
869;804;2
869;805;2
869;810;2
869;811;1
869;819;2
869;823;2
869;825;2
869;828;2
869;830;2
869;840;2
869;856;1
869;861;2
869;863;2
869;864;2
869;869;0
869;876;2
869;878;2
869;880;3
869;882;2
869;884;3
869;886;3
869;888;2
869;889;2
869;890;1
869;893;2
876;697;2
876;703;2
876;708;2
876;713;3
876;719;3
876;729;1
876;745;3
876;747;2
876;753;2
876;769;2
876;772;2
876;774;2
876;798;3
876;800;2
876;803;3
876;804;1
876;805;3
876;810;2
876;811;2
876;819;2
876;823;2
876;825;2
876;828;2
876;830;2
876;840;2
876;856;1
876;861;1
876;863;1
876;864;2
876;869;2
876;876;0
876;878;1
876;880;3
876;882;1
876;884;3
876;886;1
876;888;1
876;889;1
876;890;3
876;893;2
878;697;2
878;703;2
878;708;2
878;713;3
878;719;3
878;729;1
878;745;3
878;747;2
878;753;2
878;769;2
878;772;2
878;774;2
878;798;3
878;800;2
878;803;3
878;804;1
878;805;3
878;810;2
878;811;2
878;819;2
878;823;2
878;825;2
878;828;2
878;830;2
878;840;2
878;856;1
878;861;1
878;863;1
878;864;2
878;869;2
878;876;1
878;878;0
878;880;3
878;882;2
878;884;3
878;886;1
878;888;1
878;889;1
878;890;3
878;893;2
880;697;2
880;703;1
880;708;2
880;713;2
880;719;2
880;729;3
880;745;2
880;747;1
880;753;2
880;769;2
880;772;2
880;774;2
880;798;3
880;800;2
880;803;1
880;804;2
880;805;1
880;810;2
880;811;3
880;819;1
880;823;1
880;825;3
880;828;1
880;830;2
880;840;2
880;856;2
880;861;3
880;863;3
880;864;3
880;869;3
880;876;3
880;878;3
880;880;0
880;882;3
880;884;4
880;886;3
880;888;3
880;889;3
880;890;3
880;893;3
882;697;2
882;703;2
882;708;2
882;713;3
882;719;3
882;729;1
882;745;3
882;747;2
882;753;2
882;769;2
882;772;2
882;774;2
882;798;3
882;800;2
882;803;3
882;804;1
882;805;3
882;810;2
882;811;2
882;819;2
882;823;2
882;825;2
882;828;2
882;830;2
882;840;2
882;856;1
882;861;2
882;863;1
882;864;2
882;869;2
882;876;1
882;878;2
882;880;3
882;882;0
882;884;3
882;886;1
882;888;2
882;889;1
882;890;3
882;893;2
884;697;3
884;703;3
884;708;3
884;713;4
884;719;4
884;729;3
884;745;4
884;747;3
884;753;3
884;769;3
884;772;3
884;774;3
884;798;4
884;800;3
884;803;4
884;804;3
884;805;4
884;810;3
884;811;3
884;819;3
884;823;3
884;825;1
884;828;3
884;830;3
884;840;3
884;856;2
884;861;3
884;863;3
884;864;1
884;869;3
884;876;3
884;878;3
884;880;4
884;882;3
884;884;0
884;886;3
884;888;3
884;889;2
884;890;4
884;893;1
886;697;3
886;703;3
886;708;3
886;713;3
886;719;3
886;729;1
886;745;3
886;747;2
886;753;2
886;769;3
886;772;3
886;774;3
886;798;4
886;800;3
886;803;3
886;804;1
886;805;3
886;810;3
886;811;3
886;819;3
886;823;3
886;825;2
886;828;3
886;830;3
886;840;3
886;856;2
886;861;2
886;863;1
886;864;3
886;869;3
886;876;1
886;878;1
886;880;3
886;882;1
886;884;3
886;886;0
886;888;2
886;889;1
886;890;3
886;893;3
888;697;2
888;703;2
888;708;2
888;713;3
888;719;3
888;729;1
888;745;3
888;747;2
888;753;2
888;769;2
888;772;2
888;774;2
888;798;3
888;800;2
888;803;3
888;804;1
888;805;3
888;810;2
888;811;2
888;819;2
888;823;2
888;825;2
888;828;2
888;830;2
888;840;2
888;856;1
888;861;1
888;863;1
888;864;2
888;869;2
888;876;1
888;878;1
888;880;3
888;882;2
888;884;3
888;886;2
888;888;0
888;889;1
888;890;3
888;893;2
889;697;2
889;703;2
889;708;2
889;713;3
889;719;3
889;729;1
889;745;3
889;747;2
889;753;1
889;769;2
889;772;2
889;774;2
889;798;3
889;800;2
889;803;3
889;804;1
889;805;3
889;810;2
889;811;2
889;819;2
889;823;2
889;825;1
889;828;2
889;830;2
889;840;2
889;856;1
889;861;1
889;863;1
889;864;2
889;869;2
889;876;1
889;878;1
889;880;3
889;882;1
889;884;2
889;886;1
889;888;1
889;889;0
889;890;2
889;893;2
890;697;1
890;703;3
890;708;1
890;713;2
890;719;2
890;729;2
890;745;2
890;747;2
890;753;1
890;769;1
890;772;2
890;774;2
890;798;2
890;800;2
890;803;3
890;804;3
890;805;2
890;810;3
890;811;1
890;819;2
890;823;2
890;825;3
890;828;2
890;830;2
890;840;2
890;856;2
890;861;2
890;863;3
890;864;3
890;869;1
890;876;3
890;878;3
890;880;3
890;882;3
890;884;4
890;886;3
890;888;3
890;889;2
890;890;0
890;893;3
893;697;2
893;703;2
893;708;2
893;713;3
893;719;3
893;729;2
893;745;3
893;747;2
893;753;2
893;769;2
893;772;2
893;774;2
893;798;3
893;800;2
893;803;3
893;804;2
893;805;3
893;810;2
893;811;2
893;819;2
893;823;2
893;825;2
893;828;2
893;830;2
893;840;2
893;856;1
893;861;2
893;863;2
893;864;1
893;869;2
893;876;2
893;878;2
893;880;3
893;882;2
893;884;1
893;886;3
893;888;2
893;889;2
893;890;3
893;893;0
